{
  "percentiles": {
    "p95": 95,
    "p97_5": 97.5
  },
  "thresholds": {
    "p95": 126.0185317993164,
    "p97_5": 126.0853500366211
  }
}